{
  "current": {
    "colors_text": "#ffffff",
    "colors_background_1": "#1a1a2e",
    "colors_background_2": "#2d3748",
    "colors_accent_1": "#f6d55c",
    "colors_accent_2": "#9f7aea",
    "colors_solid_button_labels": "#1a1a2e",
    "colors_outline_button_labels": "#f6d55c",
    "gradient_background_1": "linear-gradient(135deg, #1a1a2e 0%, #2d3748 50%, #9f7aea 100%)",
    "gradient_background_2": "linear-gradient(45deg, #2d3748 0%, #1a1a2e 100%)",
    "gradient_accent_1": "linear-gradient(45deg, #f6d55c 0%, #d69e2e 100%)",
    "gradient_accent_2": "linear-gradient(135deg, #9f7aea 0%, #805ad5 100%)",
    "type_header_font": "playfair_display_n4",
    "type_body_font": "inter_n4",
    "heading_scale": 120,
    "body_scale": 100,
    "page_width": 1200,
    "spacing_sections": 64,
    "spacing_grid_horizontal": 24,
    "spacing_grid_vertical": 24,
    "card_text_alignment": "left",
    "card_corner_radius": 16,
    "card_image_padding": 0,
    "card_border_thickness": 1,
    "card_border_opacity": 10,
    "card_shadow_opacity": 30,
    "card_shadow_horizontal_offset": 0,
    "card_shadow_vertical_offset": 8,
    "card_shadow_blur": 32,
    "buttons_radius": 32,
    "buttons_border_thickness": 2,
    "buttons_border_opacity": 100,
    "buttons_shadow_opacity": 30,
    "buttons_shadow_horizontal_offset": 0,
    "buttons_shadow_vertical_offset": 4,
    "buttons_shadow_blur": 16,
    "enable_celestial_animations": true,
    "enable_scroll_animations": true,
    "enable_hover_animations": true,
    "animations_hover_elements": "lift",
    "social_instagram_link": "",
    "social_facebook_link": "",
    "social_pinterest_link": "",
    "social_youtube_link": "",
    "social_tiktok_link": "",
    "social_twitter_link": "",
    "predictive_search_enabled": true,
    "predictive_search_show_vendor": false,
    "predictive_search_show_price": true,
    "cart_type": "drawer",
    "cart_show_vendor": false,
    "cart_show_note": true,
    "favicon": "",
    "checkout_logo_image": false,
    "checkout_logo_position": "left",
    "checkout_accent_color": "#f6d55c",
    "logo": "",
    "logo_width": 180,
    "footer_logo": "",
    "footer_description": "Your digital sanctuary for spiritual wellness, healing tools, and transformative resources. Join our sacred community on the journey to inner peace and positive change.",
    "custom_css": "",
    "custom_javascript": "",
    "google_analytics_id": "",
    "facebook_pixel_id": "",
    "enable_rtl": false,
    "sections": {
      "header": {
        "type": "header",
        "settings": {
          "enable_sticky_header": true,
          "main_menu": "main-menu",
          "enable_search": true,
          "enable_wishlist": true
        }
      },
      "footer": {
        "type": "footer",
        "settings": {
          "enable_newsletter": true,
          "newsletter_heading": "Join Our Sacred Circle",
          "newsletter_description": "Receive monthly moon letters with spiritual insights and exclusive content.",
          "show_payment_icons": true,
          "show_trust_badges": true
        }
      }
    }
  },
  "presets": {
    "Midnight Mystical": {
      "colors_text": "#ffffff",
      "colors_background_1": "#1a1a2e",
      "colors_background_2": "#2d3748",
      "colors_accent_1": "#f6d55c",
      "colors_accent_2": "#9f7aea",
      "gradient_background_1": "linear-gradient(135deg, #1a1a2e 0%, #2d3748 50%, #9f7aea 100%)",
      "enable_celestial_animations": true,
      "animations_hover_elements": "lift"
    },
    "Golden Sanctuary": {
      "colors_text": "#2d3748",
      "colors_background_1": "#f7f3e9",
      "colors_background_2": "#e8dcc0",
      "colors_accent_1": "#d69e2e",
      "colors_accent_2": "#9f7aea",
      "gradient_background_1": "linear-gradient(135deg, #f7f3e9 0%, #e8dcc0 50%, #d69e2e 100%)",
      "enable_celestial_animations": true,
      "animations_hover_elements": "scale"
    },
    "Minimalist Sacred": {
      "colors_text": "#2d3748",
      "colors_background_1": "#ffffff",
      "colors_background_2": "#f7fafc",
      "colors_accent_1": "#9f7aea",
      "colors_accent_2": "#f6d55c",
      "gradient_background_1": "linear-gradient(135deg, #ffffff 0%, #f7fafc 100%)",
      "enable_celestial_animations": false,
      "animations_hover_elements": "fade"
    }
  }
}